title,img_src,link,author,publisher
피터팬,	https://bookthumb-phinf.pstatic.net/cover/163/446/16344620.jpg?type=m1&udate=Fri May 08 17:08:51 KST 2020,	http://book.naver.com/bookdb/book_detail.nhn?bid=16344620,	 제임스 매튜 배리,	책에반하다,
서유기 2,	https://bookthumb-phinf.pstatic.net/cover/163/306/16330646.jpg?type=m1&udate=Fri May 08 17:08:51 KST 2020,	http://book.naver.com/bookdb/book_detail.nhn?bid=16330646,	 오승은,	책에반하다,
어린왕자,	https://bookthumb-phinf.pstatic.net/cover/163/445/16344544.jpg?type=m1&udate=Fri May 08 17:08:51 KST 2020,	http://book.naver.com/bookdb/book_detail.nhn?bid=16344544,	 앙투안 드 생텍쥐페리,	책에반하다,
폭군의 아이를 가졌습니다. 3,	https://bookthumb-phinf.pstatic.net/cover/163/422/16342265.jpg?type=m1&udate=Fri May 08 17:08:51 KST 2020,	http://book.naver.com/bookdb/book_detail.nhn?bid=16342265,	 류란,	페리윙클,
폭군의 아이를 가졌습니다(세트)(전3권),	https://bookthumb-phinf.pstatic.net/cover/163/422/16342250.jpg?type=m1&udate=Fri May 08 17:08:51 KST 2020,	http://book.naver.com/bookdb/book_detail.nhn?bid=16342250,	 류란,	페리윙클,
폭군의 아이를 가졌습니다. 1,	https://bookthumb-phinf.pstatic.net/cover/163/422/16342261.jpg?type=m1&udate=Fri May 08 17:08:51 KST 2020,	http://book.naver.com/bookdb/book_detail.nhn?bid=16342261,	 류란,	페리윙클,
폭군의 아이를 가졌습니다. 2,	https://bookthumb-phinf.pstatic.net/cover/163/422/16342264.jpg?type=m1&udate=Fri May 08 17:08:51 KST 2020,	http://book.naver.com/bookdb/book_detail.nhn?bid=16342264,	 류란,	페리윙클,
공주님은 공무 중,	https://bookthumb-phinf.pstatic.net/cover/163/454/16345417.jpg?type=m1&udate=Fri May 08 17:08:51 KST 2020,	http://book.naver.com/bookdb/book_detail.nhn?bid=16345417,	 피파 로스코,	신영미디어,
나쁜 남자의 비즈니스,	https://bookthumb-phinf.pstatic.net/cover/163/454/16345418.jpg?type=m1&udate=Fri May 08 17:08:51 KST 2020,	http://book.naver.com/bookdb/book_detail.nhn?bid=16345418,	 야라 세인트 존,	신영미디어,
더블 로열 스캔들,	https://bookthumb-phinf.pstatic.net/cover/163/454/16345419.jpg?type=m1&udate=Fri May 08 17:08:51 KST 2020,	http://book.naver.com/bookdb/book_detail.nhn?bid=16345419,	 린 그레이엄,	신영미디어,
흑기사를 조심하세요,	https://ssl.pstatic.net/static/book/image/juvenile_pest_82X116.gif&udate=Fri May 08 17:08:51 KST 2020,	http://book.naver.com/bookdb/book_detail.nhn?bid=16345420,	 레슬리 켈리,	신영미디어,
일식이가 간다 35,	https://bookthumb-phinf.pstatic.net/cover/163/483/16348314.jpg?type=m1&udate=Fri May 08 17:08:51 KST 2020,	http://book.naver.com/bookdb/book_detail.nhn?bid=16348314,	 이후,	스카이북,
중독자의 죽음,	https://bookthumb-phinf.pstatic.net/cover/163/489/16348995.jpg?type=m1&udate=Fri May 08 17:08:51 KST 2020,	http://book.naver.com/bookdb/book_detail.nhn?bid=16348995,	 M.C. 비턴,	현대문학,
깨어나지 말 걸 그랬어(케이 스릴러),	https://bookthumb-phinf.pstatic.net/cover/163/385/16338584.jpg?type=m1&udate=Fri May 08 17:08:51 KST 2020,	http://book.naver.com/bookdb/book_detail.nhn?bid=16338584,	 김하림,	고즈넉이엔티,
마귀(케이 스릴러),	https://bookthumb-phinf.pstatic.net/cover/163/385/16338587.jpg?type=m1&udate=Fri May 08 17:08:51 KST 2020,	http://book.naver.com/bookdb/book_detail.nhn?bid=16338587,	 전건우,	고즈넉이엔티,
말괄량이 사이코패스(케이 스릴러),	https://bookthumb-phinf.pstatic.net/cover/163/385/16338590.jpg?type=m1&udate=Fri May 08 17:08:51 KST 2020,	http://book.naver.com/bookdb/book_detail.nhn?bid=16338590,	 기윤슬,	고즈넉이엔티,
비행엄마(케이 스릴러),	https://bookthumb-phinf.pstatic.net/cover/163/385/16338596.jpg?type=m1&udate=Fri May 08 17:08:51 KST 2020,	http://book.naver.com/bookdb/book_detail.nhn?bid=16338596,	 이지은,	고즈넉이엔티,
사라진 나라의 아이들(케이 스릴러),	https://bookthumb-phinf.pstatic.net/cover/163/386/16338604.jpg?type=m1&udate=Fri May 08 17:08:51 KST 2020,	http://book.naver.com/bookdb/book_detail.nhn?bid=16338604,	 이성진,	고즈넉이엔티,
이레(케이 스릴러),	https://bookthumb-phinf.pstatic.net/cover/163/386/16338607.jpg?type=m1&udate=Fri May 08 17:08:51 KST 2020,	http://book.naver.com/bookdb/book_detail.nhn?bid=16338607,	 김달리,	고즈넉이엔티,
행복배틀(케이 스릴러),	https://bookthumb-phinf.pstatic.net/cover/163/386/16338610.jpg?type=m1&udate=Fri May 08 17:08:51 KST 2020,	http://book.naver.com/bookdb/book_detail.nhn?bid=16338610,	 주영하,	고즈넉이엔티,
피터팬,	https://bookthumb-phinf.pstatic.net/cover/163/446/16344620.jpg?type=m1&udate=Fri May 08 17:08:51 KST 2020,	http://book.naver.com/bookdb/book_detail.nhn?bid=16344620,	 제임스 매튜 배리,	책에반하다,
서유기 2,	https://bookthumb-phinf.pstatic.net/cover/163/306/16330646.jpg?type=m1&udate=Fri May 08 17:08:51 KST 2020,	http://book.naver.com/bookdb/book_detail.nhn?bid=16330646,	 오승은,	책에반하다,
어린왕자,	https://bookthumb-phinf.pstatic.net/cover/163/445/16344544.jpg?type=m1&udate=Fri May 08 17:08:51 KST 2020,	http://book.naver.com/bookdb/book_detail.nhn?bid=16344544,	 앙투안 드 생텍쥐페리,	책에반하다,
폭군의 아이를 가졌습니다. 3,	https://bookthumb-phinf.pstatic.net/cover/163/422/16342265.jpg?type=m1&udate=Fri May 08 17:08:51 KST 2020,	http://book.naver.com/bookdb/book_detail.nhn?bid=16342265,	 류란,	페리윙클,
폭군의 아이를 가졌습니다(세트)(전3권),	https://bookthumb-phinf.pstatic.net/cover/163/422/16342250.jpg?type=m1&udate=Fri May 08 17:08:51 KST 2020,	http://book.naver.com/bookdb/book_detail.nhn?bid=16342250,	 류란,	페리윙클,
폭군의 아이를 가졌습니다. 1,	https://bookthumb-phinf.pstatic.net/cover/163/422/16342261.jpg?type=m1&udate=Fri May 08 17:08:51 KST 2020,	http://book.naver.com/bookdb/book_detail.nhn?bid=16342261,	 류란,	페리윙클,
폭군의 아이를 가졌습니다. 2,	https://bookthumb-phinf.pstatic.net/cover/163/422/16342264.jpg?type=m1&udate=Fri May 08 17:08:51 KST 2020,	http://book.naver.com/bookdb/book_detail.nhn?bid=16342264,	 류란,	페리윙클,
공주님은 공무 중,	https://bookthumb-phinf.pstatic.net/cover/163/454/16345417.jpg?type=m1&udate=Fri May 08 17:08:51 KST 2020,	http://book.naver.com/bookdb/book_detail.nhn?bid=16345417,	 피파 로스코,	신영미디어,
나쁜 남자의 비즈니스,	https://bookthumb-phinf.pstatic.net/cover/163/454/16345418.jpg?type=m1&udate=Fri May 08 17:08:51 KST 2020,	http://book.naver.com/bookdb/book_detail.nhn?bid=16345418,	 야라 세인트 존,	신영미디어,
더블 로열 스캔들,	https://bookthumb-phinf.pstatic.net/cover/163/454/16345419.jpg?type=m1&udate=Fri May 08 17:08:51 KST 2020,	http://book.naver.com/bookdb/book_detail.nhn?bid=16345419,	 린 그레이엄,	신영미디어,
흑기사를 조심하세요,	https://ssl.pstatic.net/static/book/image/juvenile_pest_82X116.gif&udate=Fri May 08 17:08:51 KST 2020,	http://book.naver.com/bookdb/book_detail.nhn?bid=16345420,	 레슬리 켈리,	신영미디어,
일식이가 간다 35,	https://bookthumb-phinf.pstatic.net/cover/163/483/16348314.jpg?type=m1&udate=Fri May 08 17:08:51 KST 2020,	http://book.naver.com/bookdb/book_detail.nhn?bid=16348314,	 이후,	스카이북,
중독자의 죽음,	https://bookthumb-phinf.pstatic.net/cover/163/489/16348995.jpg?type=m1&udate=Fri May 08 17:08:51 KST 2020,	http://book.naver.com/bookdb/book_detail.nhn?bid=16348995,	 M.C. 비턴,	현대문학,
깨어나지 말 걸 그랬어(케이 스릴러),	https://bookthumb-phinf.pstatic.net/cover/163/385/16338584.jpg?type=m1&udate=Fri May 08 17:08:51 KST 2020,	http://book.naver.com/bookdb/book_detail.nhn?bid=16338584,	 김하림,	고즈넉이엔티,
마귀(케이 스릴러),	https://bookthumb-phinf.pstatic.net/cover/163/385/16338587.jpg?type=m1&udate=Fri May 08 17:08:51 KST 2020,	http://book.naver.com/bookdb/book_detail.nhn?bid=16338587,	 전건우,	고즈넉이엔티,
말괄량이 사이코패스(케이 스릴러),	https://bookthumb-phinf.pstatic.net/cover/163/385/16338590.jpg?type=m1&udate=Fri May 08 17:08:51 KST 2020,	http://book.naver.com/bookdb/book_detail.nhn?bid=16338590,	 기윤슬,	고즈넉이엔티,
비행엄마(케이 스릴러),	https://bookthumb-phinf.pstatic.net/cover/163/385/16338596.jpg?type=m1&udate=Fri May 08 17:08:51 KST 2020,	http://book.naver.com/bookdb/book_detail.nhn?bid=16338596,	 이지은,	고즈넉이엔티,
사라진 나라의 아이들(케이 스릴러),	https://bookthumb-phinf.pstatic.net/cover/163/386/16338604.jpg?type=m1&udate=Fri May 08 17:08:51 KST 2020,	http://book.naver.com/bookdb/book_detail.nhn?bid=16338604,	 이성진,	고즈넉이엔티,
이레(케이 스릴러),	https://bookthumb-phinf.pstatic.net/cover/163/386/16338607.jpg?type=m1&udate=Fri May 08 17:08:51 KST 2020,	http://book.naver.com/bookdb/book_detail.nhn?bid=16338607,	 김달리,	고즈넉이엔티,
행복배틀(케이 스릴러),	https://bookthumb-phinf.pstatic.net/cover/163/386/16338610.jpg?type=m1&udate=Fri May 08 17:08:51 KST 2020,	http://book.naver.com/bookdb/book_detail.nhn?bid=16338610,	 주영하,	고즈넉이엔티,
소설 소태산,	https://bookthumb-phinf.pstatic.net/cover/163/483/16348364.jpg?type=m1&udate=Fri May 08 17:08:51 KST 2020,	http://book.naver.com/bookdb/book_detail.nhn?bid=16348364,	 이혜화,	북바이북,
꽃잎처럼,	https://bookthumb-phinf.pstatic.net/cover/163/487/16348795.jpg?type=m1&udate=Fri May 08 17:08:51 KST 2020,	http://book.naver.com/bookdb/book_detail.nhn?bid=16348795,	 정도상,	다산책방,
다행인지 불행인지 1~4 - 전4권,	https://bookthumb-phinf.pstatic.net/cover/163/388/16338828.jpg?type=m1&udate=Fri May 08 17:08:51 KST 2020,	http://book.naver.com/bookdb/book_detail.nhn?bid=16338828,	 노희다,	연담,
삼국지 2,	https://bookthumb-phinf.pstatic.net/cover/163/450/16345005.jpg?type=m1&udate=Fri May 08 17:08:51 KST 2020,	http://book.naver.com/bookdb/book_detail.nhn?bid=16345005,	 나관중,	우리책,
나의 할머니에게,	https://bookthumb-phinf.pstatic.net/cover/163/474/16347469.jpg?type=m1&udate=Fri May 08 17:08:51 KST 2020,	http://book.naver.com/bookdb/book_detail.nhn?bid=16347469,	 윤성희,	다산책방,
버지니아 울프 단편소설 전집(버지니아 울프 전집 10),	https://bookthumb-phinf.pstatic.net/cover/163/419/16341940.jpg?type=m1&udate=Fri May 08 17:08:51 KST 2020,	http://book.naver.com/bookdb/book_detail.nhn?bid=16341940,	 버지니아 울프,	솔,
다행인지 불행인지 1,	https://bookthumb-phinf.pstatic.net/cover/163/388/16338820.jpg?type=m1&udate=Fri May 08 17:08:51 KST 2020,	http://book.naver.com/bookdb/book_detail.nhn?bid=16338820,	 노희다,	연담,
다행인지 불행인지 2,	https://bookthumb-phinf.pstatic.net/cover/163/388/16338821.jpg?type=m1&udate=Fri May 08 17:08:51 KST 2020,	http://book.naver.com/bookdb/book_detail.nhn?bid=16338821,	 노희다,	연담,
다행인지 불행인지 3,	https://bookthumb-phinf.pstatic.net/cover/163/388/16338825.jpg?type=m1&udate=Fri May 08 17:08:51 KST 2020,	http://book.naver.com/bookdb/book_detail.nhn?bid=16338825,	 노희다,	연담,
삼국지 1,	https://bookthumb-phinf.pstatic.net/cover/163/450/16345002.jpg?type=m1&udate=Fri May 08 17:08:51 KST 2020,	http://book.naver.com/bookdb/book_detail.nhn?bid=16345002,	 나관중,	우리책,
다행인지 불행인지 4/완결,	https://bookthumb-phinf.pstatic.net/cover/163/388/16338826.jpg?type=m1&udate=Fri May 08 17:08:51 KST 2020,	http://book.naver.com/bookdb/book_detail.nhn?bid=16338826,	 노희다,	연담,
레이첼의 죽음으로부터,	https://bookthumb-phinf.pstatic.net/cover/163/392/16339264.jpg?type=m1&udate=Fri May 08 17:08:51 KST 2020,	http://book.naver.com/bookdb/book_detail.nhn?bid=16339264,	 플린 베리,	작가정신,
푸른 고양이(푸른사상 소설선 27),	https://bookthumb-phinf.pstatic.net/cover/163/486/16348602.jpg?type=m1&udate=Fri May 08 17:08:51 KST 2020,	http://book.naver.com/bookdb/book_detail.nhn?bid=16348602,	 송지은,	푸른사상,
천산갑,	https://bookthumb-phinf.pstatic.net/cover/163/490/16349034.jpg?type=m1&udate=Fri May 08 17:08:51 KST 2020,	http://book.naver.com/bookdb/book_detail.nhn?bid=16349034,	 정문,	바른북스,
할 말이 있어,	https://bookthumb-phinf.pstatic.net/cover/163/484/16348409.jpg?type=m1&udate=Fri May 08 17:08:51 KST 2020,	http://book.naver.com/bookdb/book_detail.nhn?bid=16348409,	 김민주,	부크크(Bookk),
아닌 척 했지만,	https://bookthumb-phinf.pstatic.net/cover/163/483/16348343.jpg?type=m1&udate=Fri May 08 17:08:51 KST 2020,	http://book.naver.com/bookdb/book_detail.nhn?bid=16348343,	 김보영,	부크크(Bookk),
두 번 사는 랭커. 18: 아르티야,	https://bookthumb-phinf.pstatic.net/cover/163/490/16349003.jpg?type=m1&udate=Fri May 08 17:08:51 KST 2020,	http://book.naver.com/bookdb/book_detail.nhn?bid=16349003,	 사도연,	드림북스,
한 번쯤은 이야기해보고 싶었어,	https://bookthumb-phinf.pstatic.net/cover/163/483/16348345.jpg?type=m1&udate=Fri May 08 17:08:51 KST 2020,	http://book.naver.com/bookdb/book_detail.nhn?bid=16348345,	 곽은용,	부크크(Bookk),
두 번 사는 랭커. 19: 중앙 관리국,	https://bookthumb-phinf.pstatic.net/cover/163/490/16349007.jpg?type=m1&udate=Fri May 08 17:08:51 KST 2020,	http://book.naver.com/bookdb/book_detail.nhn?bid=16349007,	 사도연,	드림북스,
가장 보통의 글,	https://bookthumb-phinf.pstatic.net/cover/163/483/16348347.jpg?type=m1&udate=Fri May 08 17:08:51 KST 2020,	http://book.naver.com/bookdb/book_detail.nhn?bid=16348347,	 김지윤,	부크크(Bookk),
피터팬,	https://bookthumb-phinf.pstatic.net/cover/163/446/16344620.jpg?type=m1&udate=Fri May 08 17:08:51 KST 2020,	http://book.naver.com/bookdb/book_detail.nhn?bid=16344620,	 제임스 매튜 배리,	책에반하다,
서유기 2,	https://bookthumb-phinf.pstatic.net/cover/163/306/16330646.jpg?type=m1&udate=Fri May 08 17:08:51 KST 2020,	http://book.naver.com/bookdb/book_detail.nhn?bid=16330646,	 오승은,	책에반하다,
어린왕자,	https://bookthumb-phinf.pstatic.net/cover/163/445/16344544.jpg?type=m1&udate=Fri May 08 17:08:51 KST 2020,	http://book.naver.com/bookdb/book_detail.nhn?bid=16344544,	 앙투안 드 생텍쥐페리,	책에반하다,
폭군의 아이를 가졌습니다. 3,	https://bookthumb-phinf.pstatic.net/cover/163/422/16342265.jpg?type=m1&udate=Fri May 08 17:08:51 KST 2020,	http://book.naver.com/bookdb/book_detail.nhn?bid=16342265,	 류란,	페리윙클,
폭군의 아이를 가졌습니다(세트)(전3권),	https://bookthumb-phinf.pstatic.net/cover/163/422/16342250.jpg?type=m1&udate=Fri May 08 17:08:51 KST 2020,	http://book.naver.com/bookdb/book_detail.nhn?bid=16342250,	 류란,	페리윙클,
폭군의 아이를 가졌습니다. 1,	https://bookthumb-phinf.pstatic.net/cover/163/422/16342261.jpg?type=m1&udate=Fri May 08 17:08:51 KST 2020,	http://book.naver.com/bookdb/book_detail.nhn?bid=16342261,	 류란,	페리윙클,
폭군의 아이를 가졌습니다. 2,	https://bookthumb-phinf.pstatic.net/cover/163/422/16342264.jpg?type=m1&udate=Fri May 08 17:08:51 KST 2020,	http://book.naver.com/bookdb/book_detail.nhn?bid=16342264,	 류란,	페리윙클,
공주님은 공무 중,	https://bookthumb-phinf.pstatic.net/cover/163/454/16345417.jpg?type=m1&udate=Fri May 08 17:08:51 KST 2020,	http://book.naver.com/bookdb/book_detail.nhn?bid=16345417,	 피파 로스코,	신영미디어,
나쁜 남자의 비즈니스,	https://bookthumb-phinf.pstatic.net/cover/163/454/16345418.jpg?type=m1&udate=Fri May 08 17:08:51 KST 2020,	http://book.naver.com/bookdb/book_detail.nhn?bid=16345418,	 야라 세인트 존,	신영미디어,
더블 로열 스캔들,	https://bookthumb-phinf.pstatic.net/cover/163/454/16345419.jpg?type=m1&udate=Fri May 08 17:08:51 KST 2020,	http://book.naver.com/bookdb/book_detail.nhn?bid=16345419,	 린 그레이엄,	신영미디어,
흑기사를 조심하세요,	https://ssl.pstatic.net/static/book/image/juvenile_pest_82X116.gif&udate=Fri May 08 17:08:51 KST 2020,	http://book.naver.com/bookdb/book_detail.nhn?bid=16345420,	 레슬리 켈리,	신영미디어,
일식이가 간다 35,	https://bookthumb-phinf.pstatic.net/cover/163/483/16348314.jpg?type=m1&udate=Fri May 08 17:08:51 KST 2020,	http://book.naver.com/bookdb/book_detail.nhn?bid=16348314,	 이후,	스카이북,
중독자의 죽음,	https://bookthumb-phinf.pstatic.net/cover/163/489/16348995.jpg?type=m1&udate=Fri May 08 17:08:51 KST 2020,	http://book.naver.com/bookdb/book_detail.nhn?bid=16348995,	 M.C. 비턴,	현대문학,
깨어나지 말 걸 그랬어(케이 스릴러),	https://bookthumb-phinf.pstatic.net/cover/163/385/16338584.jpg?type=m1&udate=Fri May 08 17:08:51 KST 2020,	http://book.naver.com/bookdb/book_detail.nhn?bid=16338584,	 김하림,	고즈넉이엔티,
마귀(케이 스릴러),	https://bookthumb-phinf.pstatic.net/cover/163/385/16338587.jpg?type=m1&udate=Fri May 08 17:08:51 KST 2020,	http://book.naver.com/bookdb/book_detail.nhn?bid=16338587,	 전건우,	고즈넉이엔티,
말괄량이 사이코패스(케이 스릴러),	https://bookthumb-phinf.pstatic.net/cover/163/385/16338590.jpg?type=m1&udate=Fri May 08 17:08:51 KST 2020,	http://book.naver.com/bookdb/book_detail.nhn?bid=16338590,	 기윤슬,	고즈넉이엔티,
비행엄마(케이 스릴러),	https://bookthumb-phinf.pstatic.net/cover/163/385/16338596.jpg?type=m1&udate=Fri May 08 17:08:51 KST 2020,	http://book.naver.com/bookdb/book_detail.nhn?bid=16338596,	 이지은,	고즈넉이엔티,
사라진 나라의 아이들(케이 스릴러),	https://bookthumb-phinf.pstatic.net/cover/163/386/16338604.jpg?type=m1&udate=Fri May 08 17:08:51 KST 2020,	http://book.naver.com/bookdb/book_detail.nhn?bid=16338604,	 이성진,	고즈넉이엔티,
이레(케이 스릴러),	https://bookthumb-phinf.pstatic.net/cover/163/386/16338607.jpg?type=m1&udate=Fri May 08 17:08:51 KST 2020,	http://book.naver.com/bookdb/book_detail.nhn?bid=16338607,	 김달리,	고즈넉이엔티,
행복배틀(케이 스릴러),	https://bookthumb-phinf.pstatic.net/cover/163/386/16338610.jpg?type=m1&udate=Fri May 08 17:08:51 KST 2020,	http://book.naver.com/bookdb/book_detail.nhn?bid=16338610,	 주영하,	고즈넉이엔티,
피터팬,	https://bookthumb-phinf.pstatic.net/cover/163/446/16344620.jpg?type=m1&udate=Fri May 08 17:08:51 KST 2020,	http://book.naver.com/bookdb/book_detail.nhn?bid=16344620,	 제임스 매튜 배리,	책에반하다,
서유기 2,	https://bookthumb-phinf.pstatic.net/cover/163/306/16330646.jpg?type=m1&udate=Fri May 08 17:08:51 KST 2020,	http://book.naver.com/bookdb/book_detail.nhn?bid=16330646,	 오승은,	책에반하다,
어린왕자,	https://bookthumb-phinf.pstatic.net/cover/163/445/16344544.jpg?type=m1&udate=Fri May 08 17:08:51 KST 2020,	http://book.naver.com/bookdb/book_detail.nhn?bid=16344544,	 앙투안 드 생텍쥐페리,	책에반하다,
폭군의 아이를 가졌습니다. 3,	https://bookthumb-phinf.pstatic.net/cover/163/422/16342265.jpg?type=m1&udate=Fri May 08 17:08:51 KST 2020,	http://book.naver.com/bookdb/book_detail.nhn?bid=16342265,	 류란,	페리윙클,
폭군의 아이를 가졌습니다(세트)(전3권),	https://bookthumb-phinf.pstatic.net/cover/163/422/16342250.jpg?type=m1&udate=Fri May 08 17:08:51 KST 2020,	http://book.naver.com/bookdb/book_detail.nhn?bid=16342250,	 류란,	페리윙클,
폭군의 아이를 가졌습니다. 1,	https://bookthumb-phinf.pstatic.net/cover/163/422/16342261.jpg?type=m1&udate=Fri May 08 17:08:51 KST 2020,	http://book.naver.com/bookdb/book_detail.nhn?bid=16342261,	 류란,	페리윙클,
폭군의 아이를 가졌습니다. 2,	https://bookthumb-phinf.pstatic.net/cover/163/422/16342264.jpg?type=m1&udate=Fri May 08 17:08:51 KST 2020,	http://book.naver.com/bookdb/book_detail.nhn?bid=16342264,	 류란,	페리윙클,
공주님은 공무 중,	https://bookthumb-phinf.pstatic.net/cover/163/454/16345417.jpg?type=m1&udate=Fri May 08 17:08:51 KST 2020,	http://book.naver.com/bookdb/book_detail.nhn?bid=16345417,	 피파 로스코,	신영미디어,
나쁜 남자의 비즈니스,	https://bookthumb-phinf.pstatic.net/cover/163/454/16345418.jpg?type=m1&udate=Fri May 08 17:08:51 KST 2020,	http://book.naver.com/bookdb/book_detail.nhn?bid=16345418,	 야라 세인트 존,	신영미디어,
더블 로열 스캔들,	https://bookthumb-phinf.pstatic.net/cover/163/454/16345419.jpg?type=m1&udate=Fri May 08 17:08:51 KST 2020,	http://book.naver.com/bookdb/book_detail.nhn?bid=16345419,	 린 그레이엄,	신영미디어,
흑기사를 조심하세요,	https://ssl.pstatic.net/static/book/image/juvenile_pest_82X116.gif&udate=Fri May 08 17:08:51 KST 2020,	http://book.naver.com/bookdb/book_detail.nhn?bid=16345420,	 레슬리 켈리,	신영미디어,
일식이가 간다 35,	https://bookthumb-phinf.pstatic.net/cover/163/483/16348314.jpg?type=m1&udate=Fri May 08 17:08:51 KST 2020,	http://book.naver.com/bookdb/book_detail.nhn?bid=16348314,	 이후,	스카이북,
중독자의 죽음,	https://bookthumb-phinf.pstatic.net/cover/163/489/16348995.jpg?type=m1&udate=Fri May 08 17:08:51 KST 2020,	http://book.naver.com/bookdb/book_detail.nhn?bid=16348995,	 M.C. 비턴,	현대문학,
깨어나지 말 걸 그랬어(케이 스릴러),	https://bookthumb-phinf.pstatic.net/cover/163/385/16338584.jpg?type=m1&udate=Fri May 08 17:08:51 KST 2020,	http://book.naver.com/bookdb/book_detail.nhn?bid=16338584,	 김하림,	고즈넉이엔티,
마귀(케이 스릴러),	https://bookthumb-phinf.pstatic.net/cover/163/385/16338587.jpg?type=m1&udate=Fri May 08 17:08:51 KST 2020,	http://book.naver.com/bookdb/book_detail.nhn?bid=16338587,	 전건우,	고즈넉이엔티,
말괄량이 사이코패스(케이 스릴러),	https://bookthumb-phinf.pstatic.net/cover/163/385/16338590.jpg?type=m1&udate=Fri May 08 17:08:51 KST 2020,	http://book.naver.com/bookdb/book_detail.nhn?bid=16338590,	 기윤슬,	고즈넉이엔티,
비행엄마(케이 스릴러),	https://bookthumb-phinf.pstatic.net/cover/163/385/16338596.jpg?type=m1&udate=Fri May 08 17:08:51 KST 2020,	http://book.naver.com/bookdb/book_detail.nhn?bid=16338596,	 이지은,	고즈넉이엔티,
사라진 나라의 아이들(케이 스릴러),	https://bookthumb-phinf.pstatic.net/cover/163/386/16338604.jpg?type=m1&udate=Fri May 08 17:08:51 KST 2020,	http://book.naver.com/bookdb/book_detail.nhn?bid=16338604,	 이성진,	고즈넉이엔티,
이레(케이 스릴러),	https://bookthumb-phinf.pstatic.net/cover/163/386/16338607.jpg?type=m1&udate=Fri May 08 17:08:51 KST 2020,	http://book.naver.com/bookdb/book_detail.nhn?bid=16338607,	 김달리,	고즈넉이엔티,
행복배틀(케이 스릴러),	https://bookthumb-phinf.pstatic.net/cover/163/386/16338610.jpg?type=m1&udate=Fri May 08 17:08:51 KST 2020,	http://book.naver.com/bookdb/book_detail.nhn?bid=16338610,	 주영하,	고즈넉이엔티,
소설 소태산,	https://bookthumb-phinf.pstatic.net/cover/163/483/16348364.jpg?type=m1&udate=Fri May 08 17:08:51 KST 2020,	http://book.naver.com/bookdb/book_detail.nhn?bid=16348364,	 이혜화,	북바이북,
꽃잎처럼,	https://bookthumb-phinf.pstatic.net/cover/163/487/16348795.jpg?type=m1&udate=Fri May 08 17:08:51 KST 2020,	http://book.naver.com/bookdb/book_detail.nhn?bid=16348795,	 정도상,	다산책방,
다행인지 불행인지 1~4 - 전4권,	https://bookthumb-phinf.pstatic.net/cover/163/388/16338828.jpg?type=m1&udate=Fri May 08 17:08:51 KST 2020,	http://book.naver.com/bookdb/book_detail.nhn?bid=16338828,	 노희다,	연담,
삼국지 2,	https://bookthumb-phinf.pstatic.net/cover/163/450/16345005.jpg?type=m1&udate=Fri May 08 17:08:51 KST 2020,	http://book.naver.com/bookdb/book_detail.nhn?bid=16345005,	 나관중,	우리책,
나의 할머니에게,	https://bookthumb-phinf.pstatic.net/cover/163/474/16347469.jpg?type=m1&udate=Fri May 08 17:08:51 KST 2020,	http://book.naver.com/bookdb/book_detail.nhn?bid=16347469,	 윤성희,	다산책방,
버지니아 울프 단편소설 전집(버지니아 울프 전집 10),	https://bookthumb-phinf.pstatic.net/cover/163/419/16341940.jpg?type=m1&udate=Fri May 08 17:08:51 KST 2020,	http://book.naver.com/bookdb/book_detail.nhn?bid=16341940,	 버지니아 울프,	솔,
다행인지 불행인지 1,	https://bookthumb-phinf.pstatic.net/cover/163/388/16338820.jpg?type=m1&udate=Fri May 08 17:08:51 KST 2020,	http://book.naver.com/bookdb/book_detail.nhn?bid=16338820,	 노희다,	연담,
다행인지 불행인지 2,	https://bookthumb-phinf.pstatic.net/cover/163/388/16338821.jpg?type=m1&udate=Fri May 08 17:08:51 KST 2020,	http://book.naver.com/bookdb/book_detail.nhn?bid=16338821,	 노희다,	연담,
다행인지 불행인지 3,	https://bookthumb-phinf.pstatic.net/cover/163/388/16338825.jpg?type=m1&udate=Fri May 08 17:08:51 KST 2020,	http://book.naver.com/bookdb/book_detail.nhn?bid=16338825,	 노희다,	연담,
삼국지 1,	https://bookthumb-phinf.pstatic.net/cover/163/450/16345002.jpg?type=m1&udate=Fri May 08 17:08:51 KST 2020,	http://book.naver.com/bookdb/book_detail.nhn?bid=16345002,	 나관중,	우리책,
다행인지 불행인지 4/완결,	https://bookthumb-phinf.pstatic.net/cover/163/388/16338826.jpg?type=m1&udate=Fri May 08 17:08:51 KST 2020,	http://book.naver.com/bookdb/book_detail.nhn?bid=16338826,	 노희다,	연담,
레이첼의 죽음으로부터,	https://bookthumb-phinf.pstatic.net/cover/163/392/16339264.jpg?type=m1&udate=Fri May 08 17:08:51 KST 2020,	http://book.naver.com/bookdb/book_detail.nhn?bid=16339264,	 플린 베리,	작가정신,
푸른 고양이(푸른사상 소설선 27),	https://bookthumb-phinf.pstatic.net/cover/163/486/16348602.jpg?type=m1&udate=Fri May 08 17:08:51 KST 2020,	http://book.naver.com/bookdb/book_detail.nhn?bid=16348602,	 송지은,	푸른사상,
천산갑,	https://bookthumb-phinf.pstatic.net/cover/163/490/16349034.jpg?type=m1&udate=Fri May 08 17:08:51 KST 2020,	http://book.naver.com/bookdb/book_detail.nhn?bid=16349034,	 정문,	바른북스,
할 말이 있어,	https://bookthumb-phinf.pstatic.net/cover/163/484/16348409.jpg?type=m1&udate=Fri May 08 17:08:51 KST 2020,	http://book.naver.com/bookdb/book_detail.nhn?bid=16348409,	 김민주,	부크크(Bookk),
아닌 척 했지만,	https://bookthumb-phinf.pstatic.net/cover/163/483/16348343.jpg?type=m1&udate=Fri May 08 17:08:51 KST 2020,	http://book.naver.com/bookdb/book_detail.nhn?bid=16348343,	 김보영,	부크크(Bookk),
두 번 사는 랭커. 18: 아르티야,	https://bookthumb-phinf.pstatic.net/cover/163/490/16349003.jpg?type=m1&udate=Fri May 08 17:08:51 KST 2020,	http://book.naver.com/bookdb/book_detail.nhn?bid=16349003,	 사도연,	드림북스,
한 번쯤은 이야기해보고 싶었어,	https://bookthumb-phinf.pstatic.net/cover/163/483/16348345.jpg?type=m1&udate=Fri May 08 17:08:51 KST 2020,	http://book.naver.com/bookdb/book_detail.nhn?bid=16348345,	 곽은용,	부크크(Bookk),
두 번 사는 랭커. 19: 중앙 관리국,	https://bookthumb-phinf.pstatic.net/cover/163/490/16349007.jpg?type=m1&udate=Fri May 08 17:08:51 KST 2020,	http://book.naver.com/bookdb/book_detail.nhn?bid=16349007,	 사도연,	드림북스,
가장 보통의 글,	https://bookthumb-phinf.pstatic.net/cover/163/483/16348347.jpg?type=m1&udate=Fri May 08 17:08:51 KST 2020,	http://book.naver.com/bookdb/book_detail.nhn?bid=16348347,	 김지윤,	부크크(Bookk),
15만번의 챌린저. 13,	https://bookthumb-phinf.pstatic.net/cover/163/490/16349061.jpg?type=m1&udate=Fri May 08 17:08:52 KST 2020,	http://book.naver.com/bookdb/book_detail.nhn?bid=16349061,	 예정후,	로크미디어,
계단 끝에 다락방,	https://bookthumb-phinf.pstatic.net/cover/163/483/16348351.jpg?type=m1&udate=Fri May 08 17:08:52 KST 2020,	http://book.naver.com/bookdb/book_detail.nhn?bid=16348351,	 김계현,	부크크(Bookk),
회귀자의 그랜드슬램. 16,	https://bookthumb-phinf.pstatic.net/cover/163/490/16349063.jpg?type=m1&udate=Fri May 08 17:08:52 KST 2020,	http://book.naver.com/bookdb/book_detail.nhn?bid=16349063,	 mensol,	로크미디어,
13,500원	 다른 장소,	https://bookthumb-phinf.pstatic.net/cover/163/483/16348352.jpg?type=m1&udate=Fri May 08 17:08:52 KST 2020,	http://book.naver.com/bookdb/book_detail.nhn?bid=16348352,	 김민경,